123456,2021-08-10
123451,2021-08-10
123452,2021-08-10
123453,2021-08-10
123454,2021-08-10
123455,2021-08-10
123457,2021-08-10
123458,2021-08-10
123459,2021-08-10
234591,2021-08-10
234592,2021-08-10
234593,2021-08-10
234594,2021-08-10
234595,2021-08-10
234596,2021-08-10
234597,2021-08-10
234598,2021-07-09
234599,2021-07-09
345991,2021-07-09
345992,2021-07-09
345993,2021-07-09
345994,2021-07-09
345995,2021-07-09
345996,2021-07-09
345997,2021-07-09
345998,2021-07-09
345999,2021-07-09
987659,2021-07-09
987658,2021-07-09
987657,2021-07-09
987656,2021-07-09
987655,2021-07-09
987654,2021-07-09
987653,2021-07-09
987652,2021-07-09
987651,2021-07-09
798321,2021-07-09
798322,2021-07-09
798323,2021-07-09
798324,2021-07-09
798325,2021-07-09
798326,2021-07-09
798327,2021-07-09
798328,2021-07-09
798329,2021-07-09
654321,2021-07-09
543211,2020-12-22
543212,2020-12-22
543213,2020-12-22
543214,2020-12-22
543215,2020-12-22
543216,2020-12-22
543217,2020-12-22
543218,2020-12-22
543219,2020-12-22
543220,2020-12-22
543221,2020-12-22
543222,2020-12-22
543223,2020-12-22
543224,2020-12-22
543225,2020-12-22
543226,2020-12-22
543227,2020-12-22
543228,2020-12-22
543229,2020-12-22
876540,2020-12-22
345991,2020-12-22
876541,2020-12-22
876542,2020-12-22
876543,2020-12-22
876544,2020-12-22
876545,2020-12-22
876546,2020-12-22
876547,2020-12-22
876548,2020-12-22
876549,2020-12-22
739280,2020-12-22
123456,2020-12-22
739281,2020-12-22
